rmax1,beta1,opt_growth,ropt1,ageless1
0.12653363684040322,0.24146567000182304,21.153150900892683,0.12653363684040322,True
0.044959213190784074,0.24235761688150526,23.689024086889766,0.044959213190784074,True
0.08518828420550531,0.23313048865300662,22.43683719982663,0.08518828420550531,True
0.13762813542685692,0.2668939232520598,20.8093045537213,0.13762813542685692,True
0.18150134796917836,0.0729854934505957,19.744376242569686,0.1560111757652449,False
0.04764560835879473,0.024012590100644274,23.66653047950943,0.040150466001884266,False
0.09828264100955349,0.176754455306016,22.029909712924532,0.09828264100955349,True
0.04375223309371902,0.10256102827398741,23.726637383236476,0.04375223309371902,True
0.024773267636245013,0.2829520229390149,24.318401944728762,0.024773267636245013,True
0.080966032532785,0.14341000922052602,22.568121044910285,0.080966032532785,True
0.07500801135839934,0.021804973192502547,23.045211850410713,0.05367848935912272,False
0.059402677340787004,0.1862493367924656,23.239115655200504,0.059402677340787004,True
0.11077646804030339,0.2119734200434048,21.64196367867454,0.11077646804030339,True
0.18662873770271535,0.20887678420531824,19.29411247990317,0.18662873770271535,True
0.1544589855221208,0.06040358829702973,20.564697100633424,0.13046834226315446,False
0.18735602475242383,0.26310863154339226,19.2716687287373,0.18735602475242383,True
0.17771898202143904,0.2069107149040384,19.5691759308956,0.17771898202143904,True
0.15068551913849898,0.25491414489260233,20.404979795137628,0.15068551913849898,True
0.1662303882158133,0.27411887742250596,19.924153459270727,0.1662303882158133,True
0.12967420087990067,0.11645395958504749,21.05955722284523,0.12778045087990086,False
0.10545996427214636,0.10287705946057259,21.807098960355912,0.10518496427214638,False
0.16546540974010351,0.04905102741168786,20.44660447598037,0.1292057304023635,False
0.15401292034102756,0.25356332566059225,20.302009493550152,0.15401292034102756,True
0.06835607461692858,0.2909814903175541,22.960406115081028,0.06835607461692858,True
0.008547707227770603,0.297296512151093,24.8247767496541,0.008547707227770603,True
0.1645323239545767,0.11242661007379409,20.02539870523054,0.1565215994859843,False
0.1313905200355849,0.08406526276388729,21.055661928703657,0.12311172569394332,False
0.14164257247058806,0.13273333053600544,20.687304679455714,0.14015507247058803,False
0.02125235139369394,0.056927174625804974,24.428248952970783,0.02125235139369394,True
0.07280535867086417,0.23826247241002102,22.82195895125079,0.07280535867086417,True
0.18698570279644947,0.23345333210250235,19.283096522881173,0.18698570279644947,True
0.09602161602986052,0.21321499136515543,22.100150495304813,0.09602161602986052,True
0.05233117998256036,0.21235635112828494,23.459344693952954,0.05233117998256036,True
0.028433690206960755,0.04720507622700704,24.20422373900954,0.028433690206960755,True
0.0931303960946958,0.15293186310287735,22.189983615491887,0.0931303960946958,True
0.13862109279028,0.18140518405886624,20.77854370310881,0.13862109279028,True
0.028920705315291024,0.0505988158598608,24.189034096240928,0.028920705315291024,True
0.12044613119311294,0.17248215931216246,21.341932470524576,0.12044613119311294,True
0.09170062546238471,0.09347980905253474,22.23441411363945,0.09170062546238471,True
0.0764463728829565,0.1043011540148694,22.70868973457789,0.0764463728829565,True
0.06875409229640038,0.2561774643263582,22.948019627462664,0.06875409229640038,True
0.011514701023069037,0.20333660472652174,24.732150603216684,0.011514701023069037,True
0.04146424975804985,0.004208561721533047,24.310335368514135,0.016714592790043586,False
0.024727159044399507,0.20622735258306638,24.319840331103386,0.024727159044399507,True
0.1960302323434931,0.04753666980322102,19.77960186412865,0.14497106927803832,False
0.1897332754113498,0.18220244919592124,19.20264421485465,0.18767702541134995,False
0.19858125583672828,0.2843032971394517,18.92544288807228,0.19858125583672828,True
0.11086383473338372,0.29072052778446067,21.63925197976952,0.11086383473338372,True
0.08462539482164777,0.00642862225617627,23.600834730822648,0.032630348159820355,False
0.10248197220655939,0.07350675903974807,21.922298850465086,0.09752972259597598,False
0.03613501042814959,0.16781960852146915,23.964070803862587,0.03613501042814959,True
0.17131682239605314,0.11603442658051374,19.82002798063561,0.16286670718041588,False
0.09415969116156726,0.18759151710972494,22.158000487963154,0.09415969116156726,True
0.08549657957766063,0.22745142943934143,22.42725260704742,0.08549657957766063,True
0.0950617245036837,0.1421054734068063,22.129973462135073,0.0950617245036837,True
0.031225720140321624,0.005018191937847332,24.402701321973225,0.015370627516160387,False
0.0653074950983109,0.2820500408534996,23.055288839246835,0.0653074950983109,True
0.1610193773612968,0.047727671103873395,20.574510322734643,0.12543275144919838,False
0.040957397187212044,0.020753103557970495,23.867468805809334,0.03427785027506882,False
0.03969844162024118,0.20712471536188415,23.852984359995872,0.03969844162024118,True
0.11941030562817885,0.048504172740926214,21.585519802309996,0.10013013032660505,False
0.10787704144154996,0.08044069211939432,21.75052328489058,0.10344258662589975,False
0.0668951628991253,0.22545473035819374,23.005872816469008,0.0668951628991253,True
0.15979978485251417,0.01037637948367692,22.297558993073874,0.06319121904418948,False
0.11387816337520146,0.21069637843546557,21.545702579764583,0.11387816337520146,True
0.007057327346763907,0.06291906948823882,24.87130982281772,0.007057327346763907,True
0.02831485103240713,0.23374492230690203,24.2079303040177,0.02831485103240713,True
0.044983176986173025,0.11802951508828124,23.688277324787364,0.044983176986173025,True
0.16352311542233483,0.0977180821095341,20.09333110510317,0.15223770802550113,False
0.08599301316498942,0.2968117383671228,22.41181937044657,0.08599301316498942,True
0.13462405453722934,0.2398203396556409,20.90238155808384,0.13462405453722934,True
0.10219006660802137,0.0929182833012446,21.910110235491,0.10101506660802154,False
0.10954863180553111,0.24011311608771874,21.6800750940532,0.10954863180553111,True
0.11609265539640011,0.2374910188838596,21.47698814697409,0.11609265539640011,True
0.18240793767249633,0.012995803980989061,21.73954782194707,0.07727893382437946,False
0.1408536857680774,0.12278388699998277,20.716160526989132,0.1382522636784374,False
0.19585992160536647,0.10656009222751851,19.147755559451596,0.1802957762654062,False
0.12986369559577102,0.25422037595466634,21.049915443906492,0.12986369559577102,True
0.10137253162616294,0.2836201550391341,21.933935993136515,0.10137253162616294,True
0.06323854176297436,0.09390491774380504,23.119691676697666,0.06323854176297436,True
0.1285209185020237,0.2280378472522219,21.091540078005252,0.1285209185020237,True
0.040369283037356825,0.17803144638809051,23.83207392287538,0.040369283037356825,True
0.15116515698804164,0.1932075418052662,20.390135232316776,0.15116515698804164,True
0.08333402060802655,0.2866127203773333,22.494488231760617,0.08333402060802655,True
0.08227763647419842,0.2644179901273797,22.52733527813503,0.08227763647419842,True
0.15392459543741047,0.1748885639806061,20.304742471925188,0.15392459543741047,True
0.0498938250856208,0.15445242387972452,23.53527200882147,0.0498938250856208,True
0.19290690564133736,0.2758416304171157,19.100417432631062,0.19290690564133736,True
0.19161388621446468,0.0580241641072594,19.675054363690002,0.15247081547117586,False
0.017412795071600623,0.1575494982903365,24.548059562204454,0.017412795071600623,True
0.19593097801492698,0.0014447988774743663,23.858950832802766,0.023778476544822874,False
0.1685363287876762,0.16570614107725043,19.85463017322921,0.167255078787676,False
0.01117493106090357,0.1801790712545071,24.742757141340114,0.01117493106090357,True
0.14115974290575442,0.1766710291628133,20.699908954454916,0.14115974290575442,True
0.1463022713563376,0.02337725808186701,21.57651078406923,0.08849156065227762,False
0.09559990779768425,0.06669412283251398,22.13857576878707,0.0903996423133171,False
0.0976707048600823,0.12651662374810288,22.048919057245318,0.0976707048600823,True
0.08427396168986419,0.133934335400924,22.465263638846135,0.08427396168986419,True
0.032176841448264305,0.11338179653115472,24.08748756710475,0.032176841448264305,True
0.18945141507700478,0.1946128624436367,19.208165541870343,0.18842641507700464,False
0.0975281390384812,0.19082373278227105,22.053347866401772,0.0975281390384812,True
0.09404412095371317,0.015069838609064029,22.890925215853994,0.05354457456234402,False
0.040294074028222354,0.22096486471316013,23.8344181847669,0.040294074028222354,True
0.15905682378613853,0.18014720452782154,20.14597027206945,0.15905682378613853,True
0.1889236989323904,0.029708977190696904,20.50841033025915,0.1171376956620816,False
0.02552580850107824,0.07602145286590588,24.29492644604014,0.02552580850107824,True
0.1290258479511711,0.06502446160694404,21.201673290261528,0.11501163309505466,False
0.009020393039830264,0.23351027198638855,24.810019129710387,0.009020393039830264,True
0.15243057034213953,0.041243454524108124,20.897393044245337,0.11449134348542073,False
0.07698671700408034,0.22607805988435403,22.691882141602548,0.07698671700408034,True
0.020738279308868488,0.22693999673827497,24.444288846705227,0.020738279308868488,True
0.13634444501820864,0.1595929145415147,20.849075324293885,0.13634444501820864,True
0.16080330543797144,0.03332245681037834,20.920420150525903,0.10980383912899222,False
0.0900493859989788,0.2631799765107613,22.28573179255115,0.0900493859989788,True
0.19133943049093297,0.08904967061199362,19.361440910456242,0.17065444311656347,False
0.145822885673869,0.006220225354845503,22.984776205761566,0.04535599544038732,False
0.08517465675237121,0.2970954837258166,22.437260867839022,0.08517465675237121,True
0.10723058861765468,0.18513256042459997,21.752034465089633,0.10723058861765468,True
0.1364461955723032,0.24531786913767914,20.845922795061142,0.1364461955723032,True
0.12983482390219986,0.055042761481745944,21.253251471935375,0.11082739410462703,False
0.07159582916387248,0.16248630695743005,22.859591946904473,0.07159582916387248,True
0.08192964736091217,0.037164448990276044,22.661324806645904,0.06912648266835489,False
0.15577093780795018,0.1221205387062912,20.26831491534951,0.15092297044750086,False
0.059127311724308414,0.2452032603746647,23.24768976794368,0.059127311724308414,True
0.13092451964499846,0.0606335612302453,21.179153473512965,0.1144266289766521,False
0.06291403308508117,0.148372887518973,23.12979375458739,0.06291403308508117,True
0.03827032316576245,0.2883079018148586,23.89750198992954,0.03827032316576245,True
0.12052982247838437,0.18374797414223218,21.339336553188,0.12052982247838437,True
0.023821960268640724,0.2590588436975611,24.348079266380523,0.023821960268640724,True
0.07527270201155196,0.11706429757125153,22.745199058042793,0.07527270201155196,True
0.006515571988219085,0.11851920959062032,24.888225510600634,0.006515571988219085,True
0.04290490489847841,0.00041356458616576843,24.81511211516004,0.004906249999999987,False
0.08589257798836478,0.2005649055742406,22.41494168307117,0.08589257798836478,True
0.03378443474027447,0.08566420556645199,24.037359255063116,0.03378443474027447,True
0.12907990484413404,0.00925049339063785,22.78765788039703,0.05184479155436324,False
0.13827316304580048,0.04971351440249122,21.095319745278754,0.11307751922625572,False
0.057645056252434865,0.0032566124818429057,24.222885637549496,0.017849113432776394,False
0.1806673520219909,0.08724849061457653,19.66210624234928,0.1620155609733239,False
0.09254717432903575,0.21059793785299935,22.20810690075995,0.09254717432903575,True
0.028211662752060142,0.10085410890417575,24.21114874007653,0.028211662752060142,True
0.014238588152650382,0.08687125118221678,24.64712599780698,0.014238588152650382,True
0.14323545628486298,0.2960555745244737,20.635624596334534,0.14323545628486298,True
0.19422256086692682,0.1528715611391755,19.0878135304169,0.18842219116870354,False
0.012677073851101953,0.06167211444580129,24.69586637491534,0.012677073851101953,True
0.04717015778030182,0.13813414091377846,23.620130552755967,0.04717015778030182,True
0.12871228690549072,0.033519446651312866,21.598710996369036,0.09369319170590543,False
0.08993532264438535,0.2707260053618993,22.289276881601083,0.08993532264438535,True
0.10762449132815377,0.16249568720632634,21.739805702932166,0.10762449132815377,True
0.09322677905729711,0.21384797600589944,22.1869886340063,0.09322677905729711,True
0.001237751211957756,0.1197193351783397,25.053042801792675,0.001237751211957756,True
0.006562164909858674,0.03819159819205301,24.88677068255704,0.006562164909858674,True
0.010156741400543281,0.16365921151222543,24.774542857344233,0.010156741400543281,True
0.09471645797660286,0.08100370337142501,22.144689379275896,0.09281264494276378,False
0.15617660499189254,0.12941859332874378,20.24864298855161,0.15234884537413884,False
0.15632271925072294,0.041359492171343916,20.806827211374053,0.11676813834121816,False
0.008345233126661881,0.09700875834777085,24.83109825436757,0.008345233126661881,True
0.11086451541859335,0.2529490399545522,21.639230852634675,0.11086451541859335,True
0.13304426702811709,0.26875137929173115,20.951337037443125,0.13304426702811709,True
0.041235191192316764,0.12844551631371837,23.805084286063476,0.041235191192316764,True
0.1623684763053952,0.2953560969339758,20.04355365479403,0.1623684763053952,True
0.18917032849626192,0.2751795009357279,19.21568624435167,0.18917032849626192,True
0.07187672638504448,0.2788910723816218,22.85085194084973,0.07187672638504448,True
0.12265443430176964,0.2951810818445971,21.273440849798977,0.12265443430176964,True
0.19722759584878904,0.0012874744317101093,23.92618539989226,0.022332717651901327,False
0.04815494894965411,0.10101213666495376,23.589446935987493,0.04815494894965411,True
0.060530720153919505,0.14756499106743529,23.203992976294224,0.060530720153919505,True
0.05540104489480671,0.14755326158941212,23.363728472930458,0.05540104489480671,True
0.19417885176936794,0.008099077093495624,22.22955464107622,0.06273911538799082,False
0.1500470713554449,0.0750544474041682,20.56881956976675,0.13447096301388373,False
0.15472096487179632,0.09934146548497129,20.34091737177772,0.1456076524086034,False
0.14659245548700975,0.003977184028369127,23.37439645491744,0.035524214660612244,False
0.07490495273085504,0.15264037025648877,22.75663914601166,0.07490495273085504,True
0.1705941980624677,0.1349327280042406,19.811525838444684,0.16552664497735414,False
0.08004720610742531,0.10323098296225594,22.5966949062949,0.08004720610742531,True
0.040560198420915926,0.2341161075419969,23.826123140577263,0.040560198420915926,True
0.10801789214605922,0.20760382195517804,21.727592840249585,0.10801789214605922,True
0.14471125058901188,0.017258040998568293,21.930142613107847,0.07638338284117646,False
0.10355632982375423,0.2957283416879274,21.86611760383914,0.10355632982375423,True
0.1199878419715379,0.17715113923183734,21.356147847127364,0.1199878419715379,True
0.022849820306142563,0.1641309571174242,24.378407991293297,0.022849820306142563,True
0.15277967550236352,0.2885555361524859,20.34017063767171,0.15277967550236352,True
0.05679248794579099,0.1816454459962207,23.320395036326314,0.05679248794579099,True
0.0994260280671735,0.23175882917958787,21.994393243801333,0.0994260280671735,True
0.08249548132982865,0.11057846957387468,22.520561469525653,0.08249548132982865,True
0.19628763673322616,0.2668906772716889,18.996158475825535,0.19628763673322616,True
0.06601722720027786,0.15721822886337222,23.03319792382578,0.06601722720027786,True
0.1421645696897061,0.13623122535219306,20.670259402979312,0.14100206968970622,False
0.16975870891478442,0.007093001070398125,22.62269403124667,0.05363739786371105,False
0.05223394888818287,0.23196134368431537,23.46237339271742,0.05223394888818287,True
0.0127731758779264,0.06795009159916258,24.692866581360434,0.0127731758779264,True
0.13304931613262858,0.05206054869286355,21.19964391266638,0.11123823782380521,False
0.08418067486918511,0.2906987378631991,22.468164031665534,0.08418067486918511,True
0.14344306946649074,0.10933011635190348,20.651640842055567,0.13838717431050773,False
0.18467851033790908,0.24079643436992504,19.35430250702191,0.18467851033790908,True
0.13087515098802677,0.19903999294029237,21.018564042375452,0.13087515098802677,True
0.1376800263526815,0.13108110461564154,20.809199431100208,0.13650502635268164,False
0.1090506214604969,0.2386153447536241,21.695533971888864,0.1090506214604969,True
0.1674506681261765,0.22876287545862292,19.886433241822456,0.1674506681261765,True
0.027137111778822335,0.15648044476268785,24.244664946721567,0.027137111778822335,True
0.02555649927221001,0.1039108571655092,24.293969067381248,0.02555649927221001,True
0.11068012771979918,0.2996475766308348,21.64495392056309,0.11068012771979918,True
0.08564791365691764,0.03151890585288916,22.63107523141322,0.06777235242343095,False
0.13244833967053823,0.296154247779312,20.969805462995506,0.13244833967053823,True
0.007308612282695679,0.16545371430272113,24.86346389253117,0.007308612282695679,True
0.14405432305264018,0.1429859560702365,20.610803781926005,0.14336057305264016,False
0.1482111603884145,0.11406260812296695,20.503519237294352,0.14320625188055527,False
0.03154161977087725,0.1352626296844182,24.107296356066957,0.03154161977087725,True
0.12094946684667965,0.07929137859214727,21.37027865073486,0.11360266121883407,False
0.16296446138466233,0.12761365939184402,20.04738368729142,0.15790274582579247,False
0.014387357740546404,0.18138122199318144,24.64248257220734,0.014387357740546404,True
0.1351897676617193,0.22857428560648707,20.884852227131503,0.1351897676617193,True
0.10140711696526619,0.09820445915713866,21.932975180491777,0.1011008669652662,False
0.1532859069508822,0.045417423177956905,20.79713266607455,0.11886706292735066,False
0.11355907771985495,0.18326562555026488,21.555604475007602,0.11355907771985495,True
0.0583717694436112,0.16537007959353,23.271215926878533,0.0583717694436112,True
0.09890119466620309,0.27167030544137033,22.01069556057818,0.09890119466620309,True
0.16672993128396077,0.06774282168717131,20.176614122277964,0.142972214802632,False
0.04422027641586294,0.05973262960566533,23.712051386566397,0.04422027641586294,True
0.03428431138221502,0.20998042065320868,24.021772866176626,0.03428431138221502,True
0.15818015179445244,0.2526904715289072,20.17308679314997,0.15818015179445244,True
0.03960415518735482,0.20911240976926992,23.855923372363645,0.03960415518735482,True
0.09399490088938878,0.03058349473452665,22.446332070039,0.07186388115288656,False
0.027702729219562516,0.18903856609518743,24.227022598675255,0.027702729219562516,True
0.12034124318654764,0.003376463434823993,23.688481262446867,0.028655852910747504,False
0.10737962921683011,0.2666418803780342,21.747407442357133,0.10737962921683011,True
0.021824786728462327,0.16178194784650743,24.410388526057936,0.021824786728462327,True
0.18308938874975736,0.27135078824572145,19.40335508125032,0.18308938874975736,True
0.09518345820527437,0.11292286174473687,22.12619120446168,0.09518345820527437,True
0.02177637116198656,0.14282127679831302,24.411899109067015,0.02177637116198656,True
0.08089993762685559,0.24615477408276684,22.570176425108286,0.08089993762685559,True
0.08459147681939876,0.21230066535331077,22.455391859057364,0.08459147681939876,True
0.1571201821442293,0.07868499490541934,20.354616781891146,0.14113953341997487,False
0.06190426174982537,0.07042377993677731,23.16122952832106,0.06190426174982537,True
0.04202414297080563,0.03786516546374278,23.78061464336811,0.04174914297080562,False
0.08374236015761562,0.12857430962825056,22.481791954968067,0.08374236015761562,True
0.08933231674852213,0.12465253765573996,22.30801872558165,0.08933231674852213,True
0.05415727262104594,0.25677598042491157,23.402465910104215,0.05415727262104594,True
0.0602779716109256,0.11460786695377018,23.211862343819323,0.0602779716109256,True
0.01941379952731643,0.0168068257989007,24.485802733405755,0.019137409667323278,False
0.08870247118708247,0.019375198361323367,22.823481645571537,0.05755342782094905,False
0.10881166784079792,0.23978969144582016,21.70295157948552,0.10881166784079792,True
0.03576666080578686,0.031233672835867365,23.975944010601772,0.03528541080578684,False
0.1864097414621282,0.209572888005125,19.300870879249413,0.1864097414621282,True
0.18992919492246169,0.23217006697253156,19.192273122789942,0.18992919492246169,True
0.1483931010835073,0.12885460577800667,20.483823026952734,0.1455593494588518,False
0.10113717379731613,0.2544140889101564,21.94124566327137,0.10113717379731613,True
0.024172960459300067,0.23419268390949471,24.337129170593062,0.024172960459300067,True
0.05160098100689633,0.022336936469253686,23.581995306204217,0.04145919609287679,False
0.06235200910365403,0.14069035667927593,23.147290221426598,0.06235200910365403,True
0.18822094121293384,0.23385052291254294,19.24497961955633,0.18822094121293384,True
0.12837453592714898,0.2841060739421876,21.096078018257675,0.12837453592714898,True
0.04397366031594661,0.26560335164941584,23.719736828696085,0.04397366031594661,True
0.1633181100880568,0.11681736759917055,20.0525766462384,0.15637333559228894,False
0.09786688910008928,0.11713601912495343,22.042824657438246,0.09786688910008928,True
0.056184939407873294,0.19387518611099686,23.339315380999846,0.056184939407873294,True
0.08145520196853696,0.14045875011087192,22.552909401392476,0.08145520196853696,True
0.12349190612191872,0.2140325328392496,21.24746898452981,0.12349190612191872,True
0.0014705382841518834,0.19635954465829436,25.04577237026744,0.0014705382841518834,True
0.17421700573631965,0.20443096196124425,19.677345604360994,0.17421700573631965,True
0.006864198608891865,0.13985748794802227,24.877339993880746,0.006864198608891865,True
0.06707151300969762,0.1452491425660719,23.000384217034007,0.06707151300969762,True
0.19672211085896577,0.24831062962238887,18.98276190612796,0.19672211085896577,True
0.04549086320255847,0.1948397066301404,23.672456988375266,0.04549086320255847,True
0.13642301046991057,0.16331029240417216,20.846641135177883,0.13642301046991057,True
0.041352772215683134,0.06782343178727485,23.801419480931123,0.041352772215683134,True
0.1598043756363959,0.08346523642527322,20.255584035751035,0.14492894603530654,False
0.19724674882429669,0.05488680262915776,19.596772247986838,0.15306422032592418,False
0.05761150638155996,0.032932669759477805,23.339751214166622,0.05103781733644926,False
0.05026161841195386,0.20296892315297435,23.523814026388962,0.05026161841195386,True
0.03549142392689276,0.12442006802237605,23.984136235450464,0.03549142392689276,True
0.12437415909207421,0.04339016154840588,21.52201077717255,0.09989418448589538,False
0.1177178979425455,0.18853046857591552,21.42656436658061,0.1177178979425455,True
0.10284485688512195,0.08598244267438745,21.89439612646157,0.10042281578943188,False
0.10638919199503985,0.25974988494241946,21.778156801289125,0.10638919199503985,True
0.0674781807372865,0.17403396497880583,22.987727586398357,0.0674781807372865,True
0.08925748354753746,0.2887062013008892,22.31034464300655,0.08925748354753746,True
0.07932079579437087,0.023969819264541222,22.904576195744518,0.0579809363654038,False
0.01672118770404756,0.2936767007024127,24.56964315564238,0.01672118770404756,True
0.09245416801226498,0.07413322472440861,22.2193496506073,0.0896406885991447,False
0.09995602172330612,0.1963926269711646,21.97793119987272,0.09995602172330612,True
0.04769462366951493,0.2622106133774837,23.603789306718095,0.04769462366951493,True
0.004802843617995008,0.042099257039630356,24.94170643610174,0.004802843617995008,True
0.017637648461178157,0.06931806243171046,24.541042529187877,0.017637648461178157,True
0.05764922922340985,0.08166371157944832,23.293715411270043,0.05764922922340985,True
0.14618674520752983,0.27447062026838476,20.544240909111448,0.14618674520752983,True
0.026462906678051012,0.13860678064242457,24.26569496377618,0.026462906678051012,True
0.16124103167752213,0.14292996334271016,20.08594524986519,0.15847228167752242,False
0.17145509118616573,0.20612832296926734,19.762678071435182,0.17145509118616573,True
0.059962278554997965,0.07318987285588958,23.221691659164755,0.059962278554997965,True
0.02417870586095334,0.15329259727697014,24.336949933881147,0.02417870586095334,True
0.16485410786999974,0.24781363231624864,19.966700238621918,0.16485410786999974,True
0.10440934333549208,0.26740515845285356,21.839629684349156,0.10440934333549208,True
0.10406281068105552,0.10522530038247127,21.85039009649178,0.10406281068105552,True
0.1964603677735672,0.25767597558734484,18.990832427396636,0.1964603677735672,True
0.0345981972126271,0.030512083848717807,24.012223653766526,0.03422319721262709,False
0.10110864676879404,0.1561409265748569,21.942131654420134,0.10110864676879404,True
0.06102365140863737,0.26192529062302006,23.188645808615476,0.06102365140863737,True
0.15507603566927758,0.035866302128605886,20.96660190585145,0.11011235975763968,False
0.15938020697338925,0.16292976445050322,20.13630836135171,0.15883020697338926,False
0.17128182350905796,0.14266577831232832,19.783314638519403,0.16718198807520424,False
0.01740368303615699,0.13085401437192862,24.548343924526115,0.01740368303615699,True
0.19167390270480777,0.28211772721133016,19.138449916921285,0.19167390270480777,True
0.07409981627067308,0.25204995663113783,22.78168652365638,0.07409981627067308,True
0.033795987770908045,0.21247320180807705,24.036999021467867,0.033795987770908045,True
0.1179818687036439,0.14775745053995723,21.418375098977158,0.1179818687036439,True
0.14012937643162338,0.2439552887273658,20.73182281584048,0.14012937643162338,True
0.10052654890853,0.24192260495605586,21.960210780916803,0.10052654890853,True
0.036047065818924334,0.0270194299409827,23.972778564842336,0.0340842275071382,False
0.1365557427630059,0.01514759690223897,22.195649351080426,0.06900775675273435,False
0.11480013592392237,0.06888036183403429,21.579393625111514,0.10582631079010499,False
0.1737366149521333,0.2137884060979255,19.69218643501944,0.1737366149521333,True
0.08564496197164152,0.04677346012080064,22.49407060310024,0.07632814052001605,False
0.16120810284171308,0.02322666100857404,21.316885466155814,0.09430004038733816,False
0.19090553691519288,0.15583022228918328,19.18360107057676,0.18593182827834567,False
0.16545508363134648,0.09377388889515012,20.05263974863294,0.15263997073916868,False
0.19051053052505085,0.09950546250111163,19.327569872862743,0.17390260044946704,False
0.04588287947018121,0.18955339140584362,23.66024141891216,0.04588287947018121,True
0.058915114972794565,0.15353294057116962,23.254297071425395,0.058915114972794565,True
0.16305582325276996,0.1607790385836701,20.023689926672674,0.1619245732527701,False
0.004602231011203506,0.08888552603325356,24.947970972633453,0.004602231011203506,True
0.04299695886705075,0.07832776473576593,23.750175364485667,0.04299695886705075,True
0.12024682303769836,0.29978955611668,21.348114626021395,0.12024682303769836,True
0.18529764915863833,0.16884502235880197,19.342985726790065,0.18246639915863866,False
0.024259508919144065,0.02383921605896223,24.33442916283306,0.024259508919144065,True
0.04924599981623113,0.07025180839122988,23.555454484649772,0.04924599981623113,True
0.0575101287668052,0.11766120457310514,23.298047025145113,0.0575101287668052,True
0.1470360167156969,0.22381441848646247,20.51794780319151,0.1470360167156969,True
0.09653824302515815,0.1366708971877355,22.084100115077845,0.09653824302515815,True
0.06167237291095657,0.058395580511182564,23.168448851697715,0.06167237291095657,True
0.1096589570805097,0.000952144904988388,24.382167673232463,0.013223175806073337,False
0.05663430244957798,0.13497402638829922,23.325321204071127,0.05663430244957798,True
0.11805920020534759,0.26135355647553316,21.415976041700834,0.11805920020534759,True
0.07659740946838237,0.0576865456412752,22.715881796317948,0.07327897191971913,False
0.1372045361621858,0.0032917261224263113,23.587333562694067,0.03064297884473685,False
0.13998281698538287,0.09315568543339486,20.783279488099318,0.13224230655359306,False
0.15532621518775827,0.06135922320967886,20.532768257226063,0.13161113520665466,False
0.027121552994108167,0.07980129037299598,24.245150252911223,0.027121552994108167,True
0.023058581628581716,0.07199503976182244,24.3718949486954,0.023058581628581716,True
0.011680900542490616,0.1901076277664285,24.726962447813953,0.011680900542490616,True
0.020994786129563875,0.1380186283595634,24.43628535976591,0.020994786129563875,True
0.12154843041626559,0.169215691366404,21.307742804009987,0.12154843041626559,True
0.13661167516473227,0.2076830259112102,20.840795803832417,0.13661167516473227,True
0.12388737743937157,0.28066955406785205,21.235205064394545,0.12388737743937157,True
0.13368120980135678,0.0326777492017124,21.510415678905172,0.09539581426066257,False
0.018087245509271647,0.08274567471620249,24.527012127025152,0.018087245509271647,True
0.19981510710674708,0.06253581334412832,19.407579022378897,0.16112969269591162,False
0.1188913109128799,0.08253856127391251,21.42230189071771,0.11277737978266357,False
0.01021061291336238,0.0840145032068375,24.7728610630615,0.01021061291336238,True
0.12318694254036655,0.03946138739430488,21.60967149407315,0.09612685639138518,False
0.10226184184432428,0.27195160558327486,21.906317082084698,0.10226184184432428,True
0.04984816433705918,0.13021037707886957,23.53669450898179,0.04984816433705918,True
0.15910447532505845,0.017962424247975995,21.65719048670763,0.08294135734467194,False
0.024285728117547617,0.20296951516271047,24.33361121837229,0.024285728117547617,True
0.05277929108194011,0.1666514578828308,23.445386475889983,0.05277929108194011,True
0.12724344709344398,0.1639184296576286,21.131143974395616,0.12724344709344398,True
0.038361911276272656,0.13851602389049678,23.894646882124526,0.038361911276272656,True
0.041456504045163246,0.02273316802553422,23.839393322584122,0.03567637075217798,False
0.12837196704688805,0.1916395733984275,21.09615765537637,0.12837196704688805,True
0.1488670843494956,0.13919610276065317,20.464156863491514,0.147210834349496,False
0.17196662069293137,0.017584708381520472,21.485940657382503,0.08643818854383697,False
0.07259181662599708,0.2866159531556002,22.828602847998546,0.07259181662599708,True
0.06681735152023797,0.04485210782103112,23.03151298278465,0.062131138248586626,False
0.010220238940045156,0.09694478654766717,24.772560552265947,0.010220238940045156,True
0.021811611268440972,0.1159517887659581,24.41079960475712,0.021811611268440972,True
0.17459180766707974,0.2896665672579454,19.665767162483814,0.17459180766707974,True
0.018017110219221536,0.17854747067963464,24.52920079101735,0.018017110219221536,True
0.030273674259355236,0.07847210395242442,24.146838021426117,0.030273674259355236,True
0.15745223341927952,0.03874312909894725,20.84158879689732,0.11462342349105091,False
0.19962713931662393,0.26266499278238714,18.893201585364192,0.19962713931662393,True
0.15498934624580563,0.2986931647353086,20.271797836199923,0.15498934624580563,True
0.09336266906084219,0.18631671580226927,22.182766051071184,0.09336266906084219,True
0.05980013013044155,0.04987425817997628,23.22951645396257,0.05832641958799384,False
0.09026397578041313,0.12258543641819766,22.2790624108618,0.09026397578041313,True
0.1883389621448929,0.24921293651903223,19.241337949455506,0.1883389621448929,True
0.09151924419602821,0.21695688082039172,22.240050870560466,0.09151924419602821,True
0.13594131889827074,0.14826225206574029,20.861565576898673,0.13594131889827074,True
0.18043562631225762,0.05732873637519634,19.954974188897275,0.14507251862188558,False
0.15382652769977795,0.030382826455852045,21.15818527695509,0.10249737799352199,False
0.12161231087334674,0.11839436188075603,21.306135482731406,0.12104356087334674,False
0.10884354014143506,0.1000518064699526,21.70343496020066,0.10769979014143498,False
0.14443023201553803,0.11101630953972588,20.620015723018984,0.13951330829299857,False
0.07468578173785145,0.03967704407285314,22.834721370867317,0.06561967377424216,False
0.14143951118528778,0.04858085268535417,21.031954081824868,0.11426616026796313,False
0.015789442989510995,0.16074190072743966,24.598722115363678,0.015789442989510995,True
0.024496327145027537,0.07528415540770905,24.327041328127123,0.024496327145027537,True
0.0829330233039282,0.1106283208828369,22.506956529968782,0.0829330233039282,True
0.06990725499917867,0.022956667964823516,23.137097659468868,0.05207213013647993,False
0.16732476207006747,0.013155284908787862,21.919148286523328,0.07353389600297347,False
0.03759846404519769,0.003550718718885284,24.406931757051453,0.014418652611070516,False
0.13567349446472923,0.04539680063221278,21.217912044266576,0.10832453480997242,False
0.04375479703282056,0.2565131149089877,23.726557480200622,0.04375479703282056,True
0.18659781617344726,0.13605902059553185,19.33586613265465,0.17936052550211817,False
0.19270978768447486,0.2960518208776172,19.10649734236608,0.19270978768447486,True
0.06948307608060802,0.16263964834690675,22.92533407851006,0.06948307608060802,True
0.07171436167166759,0.11405670618930865,22.855903837005844,0.07171436167166759,True
0.09053527795322402,0.07452366855115442,22.276725693790624,0.08816677800062027,False
0.18519648597492588,0.07745456580642171,19.608972011882663,0.16092952922087705,False
0.0695415048695594,0.04514076841188991,22.952402983808067,0.06421333730581952,False
0.1403757223483642,0.19426439082045346,20.72419244735161,0.1403757223483642,True
0.1457489033908701,0.15988346731490882,20.557796969544953,0.1457489033908701,True
0.08069308051292609,0.28244652287827604,22.57660919849746,0.08069308051292609,True
0.11346788576554372,0.27335317682231514,21.558434391221173,0.11346788576554372,True
0.13908922408809352,0.2323151630767061,20.764042225206946,0.13908922408809352,True
0.099141983863894,0.2416532199228658,22.003216124808873,0.099141983863894,True
0.011243488894826447,0.006992977866415639,24.7487147510628,0.0096875,False
0.05678037903644979,0.2969182342058881,23.32077212697657,0.05678037903644979,True
0.17238938277885588,0.2751484202608284,19.733809924023422,0.17238938277885588,True
0.19102220651668872,0.17109691872229787,19.16859831055203,0.18777220651668997,False
0.031429572209797516,0.005553432003788937,24.37493881399952,0.01623148285569292,False
0.19412977940947973,0.08589114015103555,19.307517401443615,0.17133910375863098,False
0.19502772662708298,0.10315589752025435,19.185483308484876,0.17858702378163394,False
0.006399988061370106,0.2981169529744799,24.8918345439212,0.006399988061370106,True
0.10613891680583097,0.2243245044583193,21.78592722471542,0.10613891680583097,True
0.0906523042096459,0.001202379385752941,24.37735285255698,0.01348642680461292,False
0.04994993010592547,0.04925718935702939,23.53352413614583,0.04994993010592547,True
0.1057253721573186,0.16126343970725576,21.798767040273805,0.1057253721573186,True
0.1367813123245463,0.2963029462942678,20.835540064161215,0.1367813123245463,True
0.11949093490076655,0.20986324148563507,21.371561592208675,0.11949093490076655,True
0.09572654604229361,0.09910560986622903,22.109317860283017,0.09572654604229361,True
0.12496326067208269,0.18725426559865124,21.201842671503165,0.12496326067208269,True
0.09666733834226092,0.011549584283536682,23.0406835824507,0.048014856425037625,False
0.17315799930481993,0.2794202940205998,19.710062526165974,0.17315799930481993,True
0.19418845406771545,0.23781487246325306,19.06089188939113,0.19418845406771545,True
0.16450809130296704,0.21391794288996663,19.977397841328887,0.16450809130296704,True
0.08754757355147484,0.11899721597462934,22.363493926236682,0.08754757355147484,True
0.05920035959998064,0.28577685952623877,23.24541524889396,0.05920035959998064,True
0.06172194053313101,0.2884672085628288,23.16690567017845,0.06172194053313101,True
0.07287170598577276,0.2928775146513077,22.819894715884466,0.07287170598577276,True
0.18376969188346495,0.13402188568471662,19.422331555595292,0.17662271014707204,False
0.04187510716324204,0.28610341669279965,23.785139450856025,0.04187510716324204,True
0.09719794590320746,0.23724876063567196,22.063605476043296,0.09719794590320746,True
0.17639507741044944,0.14744259323463396,19.62572577793762,0.17223585035934397,False
0.09248903840705726,0.1546453619175516,22.209913478139665,0.09248903840705726,True
0.03635928961806036,0.27740202624705396,23.957078496600413,0.03635928961806036,True
0.01223820577101859,0.22281144515230342,24.709565682267957,0.01223820577101859,True
0.006689818541143262,0.09175515632259842,24.88278481340305,0.006689818541143262,True
0.16218403675887333,0.2633755102517504,20.0492569563284,0.16218403675887333,True
0.13827898358722943,0.12224347251487908,20.79461937017492,0.13596023358722936,False
0.11954029956612651,0.03402485652044207,21.793334931641997,0.08922372467614216,False
0.10887359062174802,0.0026019233824729053,23.927791775616075,0.023264047519257904,False
0.1717920805540063,0.041095896843866365,20.469488654368263,0.12485341102451294,False
0.07563769510359002,0.26450184747523914,22.733844959930845,0.07563769510359002,True
0.1811277358517435,0.28974196721949036,19.46391594042842,0.1811277358517435,True
0.08895752800489852,0.2327541247146435,22.31966777747992,0.08895752800489852,True
0.17679501020804064,0.04734260341237444,20.21612798858757,0.1341595478715244,False
0.040010671110247045,0.09627535316620445,23.843251928248602,0.040010671110247045,True
0.1857459735542029,0.27066197152645666,19.321356061427885,0.1857459735542029,True
0.13723436031197958,0.14214295645682049,20.821503938709796,0.13723436031197958,True
0.02844769942618062,0.24582172874559036,24.203786796377237,0.02844769942618062,True
0.10930934797596534,0.1371289380317396,21.68750270613614,0.10930934797596534,True
0.002348415911662382,0.13361743736385176,25.01835513581299,0.002348415911662382,True
0.16147724542113312,0.1755281903894585,20.071113362790285,0.16147724542113312,True
0.0750873386302851,0.195588995549749,22.750965382867573,0.0750873386302851,True
0.17857586678196757,0.18072966643187907,19.5438931501902,0.17753211678196767,False
0.12983106179833773,0.2646468388639628,21.050927009271987,0.12983106179833773,True
0.1404676315673534,0.15279393283146964,20.721345667872644,0.1404676315673534,True
0.10760437358926624,0.04188171114556493,21.957222987286688,0.08838857940874385,False
0.19052521879527762,0.2364123660348389,19.173885221226023,0.19052521879527762,True
0.016427098436905666,0.1723561796174558,24.578821283908994,0.016427098436905666,True
0.15193057110432745,0.18097025230407493,20.36644715211158,0.15193057110432745,True
0.16350240727900608,0.20997807382479025,20.00849168648878,0.16350240727900608,True
0.11133034478460715,0.10535375760889254,21.625475760787054,0.11054284478460719,False
0.04421504195652918,0.11477362521507117,23.71221451001644,0.04421504195652918,True
0.06683060122194204,0.11039816628467022,23.00788220380742,0.06683060122194204,True
0.021623490529223296,0.19771972721427994,24.416669064128012,0.021623490529223296,True
0.05852973231880244,0.1554133772531542,23.266297177637284,0.05852973231880244,True
0.16052695094486086,0.2433033458465973,20.100501634559663,0.16052695094486086,True
0.16556579842342278,0.22976475589881162,19.94469822179585,0.16556579842342278,True
0.07953974864787683,0.0027054244394230397,24.11449753937159,0.019623782059830383,False
0.09778340820047456,0.10117304270310583,22.045417955138312,0.09778340820047456,True
0.01417454101214816,0.2839866923383078,24.649125060398198,0.01417454101214816,True
0.07522310912448724,0.19576504603923792,22.74674179820469,0.07522310912448724,True
0.05052272818120003,0.19354206194657728,23.51567973297791,0.05052272818120003,True
0.18973433569067666,0.17514012548871674,19.205468846223166,0.18702808569067697,False
0.07546267174661227,0.2622747437335528,22.739289504206823,0.07546267174661227,True
0.1329712953539489,0.2607805870947275,20.953598465217695,0.1329712953539489,True
0.13526824089668668,0.24306498101921656,20.882420692013643,0.13526824089668668,True
0.09328534555535963,0.23399660163692262,22.18516876135872,0.09328534555535963,True
0.18623202694862337,0.1892367576890284,19.30772865018897,0.18510702694862347,False
0.018956577560126465,0.11571134011486607,24.49988412288811,0.018956577560126465,True
0.0433158624431029,0.05845947803541862,23.740236675475135,0.0433158624431029,True
0.18702504413387377,0.09566066307687056,19.44247102896922,0.169923349241829,False
0.08245432108131497,0.018293058122999993,22.981697145726802,0.053356426893109044,False
0.022641288520368716,0.2576854312380734,24.384913942410275,0.022641288520368716,True
0.12726388246147788,0.28527259692864315,21.130510413399325,0.12726388246147788,True
0.13623128291341946,0.09857491633430217,20.881828496890808,0.13037412473160073,False
0.1486910904742469,0.16915181792579417,20.466712200400064,0.1486910904742469,True
0.10469874482258906,0.22695059916985738,21.830643476649,0.10469874482258906,True
0.06712842884371574,0.18531420684191713,22.99861281987641,0.06712842884371574,True
0.031064008655625235,0.07653473219587226,24.122190644786404,0.031064008655625235,True
0.12033830058691551,0.28139173307910775,21.345277157918,0.12033830058691551,True
0.07538516831379703,0.25662418459687886,22.74170046279857,0.07538516831379703,True
0.17415991495420974,0.004370202322607666,23.0885922996946,0.04171192834095336,False
0.13082340645460697,0.24666175689234449,21.02016787807463,0.13082340645460697,True
0.06060689337254193,0.10721272503530115,23.201621332941937,0.06060689337254193,True
0.11774654435865868,0.163606140297469,21.42567565052567,0.11774654435865868,True
0.03380795376172905,0.2905250626458632,24.03662591164553,0.03380795376172905,True
0.02976406262326422,0.18343397595294192,24.16273131734039,0.02976406262326422,True
0.08067338987045994,0.1226896791836436,22.577221535741284,0.08067338987045994,True
0.11194826494731702,0.2272969064161368,21.605594611880058,0.11194826494731702,True
0.09136750475695601,0.04662497715756227,22.338927173199384,0.08025364833059617,False
0.08049719270278533,0.2366174963881612,22.58270092686633,0.08049719270278533,True
0.14810668550048461,0.23179499099923134,20.484802714297217,0.14810668550048461,True
0.0502842224861081,0.04924567591369305,23.523109842122526,0.0502842224861081,True
0.07814979665315255,0.22714142571915635,22.655705999192925,0.07814979665315255,True
0.1866198121744044,0.007988187419494731,22.320570399102174,0.06072996120656829,False
0.15975251162691184,0.07499150528266817,20.305325117087282,0.14155952192878646,False
0.15013074083029931,0.0835823499182748,20.524645975580377,0.13758326887440536,False
0.059065288819508066,0.08627845339750424,23.249621005795003,0.059065288819508066,True
0.18457689879867292,0.138935634528096,19.3912700053033,0.17810206857582267,False
0.09370365560170782,0.2692539711495378,22.172170553468245,0.09370365560170782,True
0.023592651739875053,0.23225186861842623,24.355233074132254,0.023592651739875053,True
0.07021785808124233,0.1861819817540687,22.90246907792565,0.07021785808124233,True
0.10209436413076986,0.2515110237152992,21.911518240747217,0.10209436413076986,True
0.03984092557672711,0.010564279250039957,24.052927730772474,0.025581543909204457,False
0.09745685647237509,0.114894200452596,22.05556227545841,0.09745685647237509,True
0.037824077213224526,0.07931311019310211,23.911413169969958,0.037824077213224526,True
0.03558539472609978,0.22951914854321756,23.981206415976157,0.03558539472609978,True
0.049930635902793924,0.0737092391707255,23.534125219182258,0.049930635902793924,True
0.12596491862394452,0.09907774738627766,21.1858177310807,0.12196556118105845,False
0.020346543828640318,0.2281090418393373,24.456511920014236,0.020346543828640318,True
0.1006217959244226,0.07161353704652412,21.980786802720242,0.0955955037420816,False
0.12022189110697035,0.22970204505566993,21.348887972512763,0.12022189110697035,True
0.007806986653564378,0.1943085389444422,24.84790331579216,0.007806986653564378,True
0.01510975885272805,0.22522829111893575,24.61993533947651,0.01510975885272805,True
0.16956140653206647,0.18658743160448213,19.8211966844513,0.16956140653206647,True
0.18061460015301753,0.23521116252832894,19.47975930144461,0.18061460015301753,True
0.126903747903353,0.05730576624763744,21.311320887189687,0.11000105558530779,False
0.08251228825426218,0.15768413359030814,22.520038867919222,0.08251228825426218,True
0.12188795708891312,0.011349275980237975,22.6906427812837,0.055471464280445415,False
0.05081993127430415,0.20856334822517247,23.50642117630214,0.05081993127430415,True
0.057110938584526906,0.04731685437865032,23.313367465213425,0.05561845092750037,False
0.07126507070378348,0.20611071199528902,22.869883552221317,0.07126507070378348,True
0.05661141398235053,0.26230126111489216,23.32603399386733,0.05661141398235053,True
0.03597467920827143,0.00394906918215383,24.397934038970757,0.014839627039340587,False
0.19565780954201983,0.08794557909956455,19.252334104849457,0.1733567835081331,False
0.15368464471484405,0.2476014104357694,20.312167200036875,0.15368464471484405,True
0.04901548509486442,0.08658660687559294,23.56263616057016,0.04901548509486442,True
0.16241528674176464,0.2722787745575645,20.04210617998069,0.16241528674176464,True
0.18398277450610848,0.06808559889620043,19.729322820885336,0.15484984987094041,False
0.07931208852472867,0.11845250091900922,22.619556900223078,0.07931208852472867,True
0.018811682694682298,0.17262365138521096,24.504405566974228,0.018811682694682298,True
0.1591119143828269,0.22337999413380444,20.144266315433832,0.1591119143828269,True
0.1384138693329843,0.04620081030882442,21.139589272537396,0.11061467504501608,False
0.19808994174578687,0.18357206542194837,18.948342863604772,0.19527119174578716,False
0.06191795958267046,0.13184773612514344,23.160803080948856,0.06191795958267046,True
0.15434409225796306,0.17729897360080416,20.29176242761767,0.15434409225796306,True
0.09787912068348294,0.0696502533295945,22.065371162331285,0.09294361603488385,False
0.029303974231167727,0.16772677771947467,24.177080492694973,0.029303974231167727,True
0.1337927900997312,0.18765514677734116,20.928140626167018,0.1337927900997312,True
0.19626396973437513,0.08398107687329474,19.264803186217417,0.1719845945039816,False
0.12985057349509213,0.27351760707245415,21.050322195630805,0.12985057349509213,True
0.06541189636951561,0.12123869459837155,23.05203921833528,0.06541189636951561,True
0.15229677505327707,0.21604791838160864,20.355114339859615,0.15229677505327707,True
0.11366791647264628,0.014215205937773446,22.61139925781818,0.05919559281291768,False
0.04775081046531844,0.2268428265030655,23.602038673234443,0.04775081046531844,True
0.17180061217036807,0.2354389219146477,19.75200175802244,0.17180061217036807,True
0.16914886792417572,0.21612776821968194,19.83394613597116,0.16914886792417572,True
0.007852604179865311,0.005285112709349927,24.85016056591267,0.006958854179865313,False
0.15580044422369016,0.0026871624237771083,23.618590230935805,0.029549936236866657,False
0.029483656714826875,0.08841551196966832,24.171476538245113,0.029483656714826875,True
0.15822591249714058,0.2714249970612409,20.171671313664245,0.15822591249714058,True
0.10836438505209063,0.1883760989490232,21.71683646565582,0.10836438505209063,True
0.17476130489093056,0.1507758793528706,19.6722839857189,0.1712177805283395,False
0.02647878601210976,0.08216766046221227,24.2651996421386,0.02647878601210976,True
0.011446419318871734,0.10052953738854746,24.73428212657738,0.011446419318871734,True
0.025467663489010688,0.14660445845860834,24.296740246071714,0.025467663489010688,True
0.14280698195943684,0.041454139360022846,21.11408853845684,0.1092530057819682,False
0.07748780441868061,0.15060107259476244,22.676296131052446,0.07748780441868061,True
0.08486224804606465,0.2983171811225849,22.446973534343027,0.08486224804606465,True
0.17830350948411483,0.26687993658013853,19.551123995389165,0.17830350948411483,True
0.0034645208937410573,0.16883277630062532,24.983499442638937,0.0034645208937410573,True
0.16859383772092693,0.27516067039823977,19.851099941178326,0.16859383772092693,True
0.08931914136849667,0.002088541857724662,24.163791106094045,0.018230620862480895,False
0.1884669776528334,0.14818307865470592,19.26427945002282,0.18280238460118237,False
0.13779479242733514,0.18670157844158278,20.804141526959732,0.13779479242733514,True
0.011023729459613212,0.10199069480951538,24.747477232254713,0.011023729459613212,True
0.1446209228100977,0.08492908537953503,20.674752947255545,0.13373797595004827,False
0.14368274105975332,0.1164954341675526,20.635999795110905,0.1397669512098439,False
0.16255673555254113,0.2657582221250642,20.037732324795083,0.16255673555254113,True
0.08959714567680692,0.22370896012189465,22.299787570594148,0.08959714567680692,True
0.13337213860734465,0.06695727226230913,21.07160228082446,0.11896627223571873,False
0.1565876566423626,0.23596671921257262,20.22234931630395,0.1565876566423626,True
0.1323484899597827,0.10977054825920547,20.9830935567115,0.1291118910815125,False
0.05708392343808267,0.2195236613637714,23.311319350794783,0.05708392343808267,True
0.16660696561744032,0.1900382665957442,19.91251263724702,0.16660696561744032,True
0.032943720435295,0.250266010898361,24.06357405372886,0.032943720435295,True
0.16447271949075784,0.06716030552254591,20.24069749821943,0.1411028006951625,False
0.1704531717131602,0.08593419954481435,19.94907843661681,0.15386251725125033,False
0.004445912554371106,0.09118001934826132,24.952852376760802,0.004445912554371106,True
0.0174161900676268,0.28407581427226747,24.54795361346745,0.0174161900676268,True
0.03846377258742088,0.06504113211388018,23.89147154078535,0.03846377258742088,True
0.05047669911548896,0.06575354115169608,23.517113657440166,0.05047669911548896,True
0.07200051731480885,0.24296906260131076,22.84700028119809,0.07200051731480885,True
0.19267294378375702,0.0038928602128526337,23.073828468115003,0.041615813988993805,False
0.02911804404138049,0.1819943166297617,24.182879356666575,0.02911804404138049,True
0.05068630258753381,0.07560293806406959,23.510583996824366,0.05068630258753381,True
0.02835957784213001,0.2275770206865935,24.206535282981527,0.02835957784213001,True
0.02066137470088911,0.16868557767646367,24.44668843305245,0.02066137470088911,True
0.19046935992670955,0.12525572751538921,19.24336476157082,0.18061468351788432,False
0.024348760682391495,0.2526223834981203,24.331644834129595,0.024348760682391495,True
0.06733820086212267,0.20536083538554864,22.992084115415793,0.06733820086212267,True
0.1099771618954702,0.19158661972619742,21.666773382399292,0.1099771618954702,True
0.030075378073283674,0.19375497122408653,24.153022248821625,0.030075378073283674,True
0.18126832602475507,0.029434445909052916,20.662893799492085,0.11341013571088927,False
0.12811793412691577,0.06793265542068293,21.21061550535884,0.11549251658777501,False
0.15350332547044915,0.13045442757019585,20.328271781124705,0.15018272871105115,False
0.1707790722112399,0.09795323073817737,19.88662097352518,0.15804697790095673,False
0.035603484230209134,0.10512567405072526,23.9806424235056,0.035603484230209134,True
0.04703612630962177,0.21134553698767436,23.624306765251394,0.04703612630962177,True
0.06991712242827916,0.26833814578037135,22.911827272456602,0.06991712242827916,True
0.1709162045220417,0.1688207296268853,19.78102157077111,0.16965995452204186,False
0.013230634419098925,0.16318328628341205,24.678587358887658,0.013230634419098925,True
0.03130613361279016,0.06112388759648946,24.114639938261252,0.03130613361279016,True
0.13939665399678722,0.08299389754738117,20.829970437773,0.12910003847794804,False
0.0009918619511364538,0.26955498794346444,25.06072253111235,0.0009918619511364538,True
0.012986726399458302,0.13274588332963885,24.68620072270192,0.012986726399458302,True
0.1409005068560958,0.28782887127548634,20.70793812569247,0.1409005068560958,True
0.03604964155304724,0.22449571812921662,23.966732354131633,0.03604964155304724,True
0.04872825231329412,0.25042150890156784,23.571585013507022,0.04872825231329412,True
0.10791524353359377,0.13337532294347995,21.730779466414365,0.10791524353359377,True
0.055355467483804946,0.16628429105445489,23.36514793892186,0.055355467483804946,True
0.04074162063950619,0.15908371543021974,23.820468314646018,0.04074162063950619,True
0.04968371019731369,0.18042692969688498,23.541817889841997,0.04968371019731369,True
0.0974758408480424,0.12803538193377428,22.054972520540737,0.0974758408480424,True
0.08200698276457243,0.19808308311293035,22.535751285159765,0.08200698276457243,True
0.10843929531281653,0.10191966028902158,21.71529531771983,0.10761429531281663,False
0.12917997661536387,0.01697804914341593,22.19831864464748,0.0702157633257728,False
0.040432533908219784,0.2192378547553421,23.830102403063336,0.040432533908219784,True
0.04755623978197031,0.25020084041204316,23.60810100957522,0.04755623978197031,True
0.19819109647063127,0.040804396853571755,19.91521157963906,0.137985166932078,False
0.17415988182975503,0.1399169432581061,19.69973046581354,0.16930221285410485,False
0.15272357505664294,0.1537022201884813,20.34238129556643,0.1520735750566431,False
0.16767936447150625,0.07794346030655895,20.072003759254297,0.1486040931697566,False
0.020305235242224568,0.03307494122666683,24.45780085982846,0.020305235242224568,True
0.12260027667706787,0.24961595003411796,21.275120450283136,0.12260027667706787,True
0.04681437916923688,0.1644909688810794,23.631216129514563,0.04681437916923688,True
0.1241803184956803,0.14568246556306652,21.226120917353573,0.1241803184956803,True
0.15697599839291587,0.2642734762101339,20.21033572361635,0.15697599839291587,True
0.1958852697125522,0.2051540588148147,19.009397986619035,0.19501651971255252,False
0.13750766671615403,0.023085057721077506,21.751023687968065,0.08431509212321604,False
0.018377207215782898,0.03322879398617638,24.51796357308035,0.018377207215782898,True
0.02244542863354051,0.2977511561080483,24.391024608324297,0.02244542863354051,True
0.10597314433391157,0.257543942621167,21.79107411904214,0.10597314433391157,True
0.13567460222358865,0.26496651247833963,20.8698295897073,0.13567460222358865,True
0.1835571503886187,0.2141439463402429,19.38891565551526,0.1835571503886187,True
0.04734685698297509,0.2126474647244927,23.614624927134873,0.04734685698297509,True
0.012227051962480853,0.1269908349986744,24.70991385332949,0.012227051962480853,True
0.19942997053810813,0.034031873477913324,20.12760232861034,0.12879155093354966,False
0.0024339981978816396,0.16906440704183007,25.015682354553775,0.0024339981978816396,True
0.149510734831896,0.26779886867108676,20.44134109157829,0.149510734831896,True
0.14797913092252973,0.08939180350305638,20.56381135597472,0.13765405132378394,False
0.18111156891471844,0.0745557396742503,19.74065109905467,0.1565705417911461,False
0.07005037977139171,0.039754459093573405,22.96104640010273,0.06248249674776454,False
0.016659724257108908,0.11885235136047274,24.57156133543413,0.016659724257108908,True
0.07031324748052645,0.11647141632540138,22.89950081621942,0.07031324748052645,True
0.08282941435949252,0.18018893790863674,22.510178115745585,0.08282941435949252,True
0.052749488224625704,0.27115398129197066,23.446314794579248,0.052749488224625704,True
0.10320475445382914,0.00038701552668049516,24.657881946345782,0.007710937499999995,False
0.19690890957767024,0.061077140593098496,19.499898734564695,0.15818195814625985,False
0.049705873028314605,0.2756162468957526,23.541127429431803,0.049705873028314605,True
0.09435685965823842,0.2533934696675784,22.151874139805503,0.09435685965823842,True
0.06982443603593551,0.09747415870304961,22.91471149101889,0.06982443603593551,True
0.1304115072259586,0.17490282245380498,21.03293501587446,0.1304115072259586,True
0.058180536230819806,0.20372792716193686,23.27717072843992,0.058180536230819806,True
0.14109872712928243,0.008718268724360299,22.70348055308161,0.05323233513056676,False
0.13852708393675695,0.17631672983408736,20.781455910233205,0.13852708393675695,True
0.1280518509511909,0.11478454398869163,21.109837528809496,0.12615810095119134,False
0.03475705248008824,0.2885996290100239,24.007032956821863,0.03475705248008824,True
0.11340684853200732,0.02523419393189121,22.14328307926354,0.0764775742893728,False
0.004031307490277115,0.12919909521204126,24.965799555668706,0.004031307490277115,True
0.02183620860230294,0.29087190510643085,24.41003216005055,0.02183620860230294,True
0.15453677771827548,0.04326804110716062,20.80823401229407,0.11762850339301945,False
0.06812033139337377,0.15148623583103069,22.96774268575087,0.06812033139337377,True
0.14874087016131982,0.27938405288255796,20.465171285055327,0.14874087016131982,True
0.13989478693862922,0.25446564062205385,20.739089166674145,0.13989478693862922,True
0.12465417611719838,0.02172913618042519,22.046864445800903,0.07670038294329995,False
0.06656542895566837,0.29550172707944294,23.016135380439067,0.06656542895566837,True
0.17951309773753762,0.22823048134879648,19.513771126063745,0.17951309773753762,True
0.00563961840353978,0.016908116023585794,24.915577103835826,0.00563961840353978,True
0.18877782680968916,0.061196289858031015,19.69558953968213,0.15322858212190815,False
0.026292582889597467,0.20740547133166237,24.271007873315014,0.026292582889597467,True
0.14420871501299753,0.22542895763842385,20.605486402315098,0.14420871501299753,True
0.0005698530630186227,0.14173017696398607,25.07390312412163,0.0005698530630186227,True
0.18314620497165196,0.020956831092615674,21.079772615773397,0.0979810185578445,False
0.14092175699899434,0.1412261052598771,20.70756795588839,0.1404155069989944,False
0.12378360650244738,0.05448336830093594,21.4165892473334,0.10641048508243464,False
0.10760324069782967,0.025558826259037704,22.254329168216547,0.07404737818680864,False
0.04828332572576494,0.267374648283771,23.58544716137468,0.04828332572576494,True
0.061949832833742814,0.02685899652522818,23.27349440033474,0.05048325269780633,False
0.06091739434125966,0.006504233787465278,23.892542281658034,0.02661652364957725,False
0.0566490227183771,0.25494909251730064,23.324862787781765,0.0566490227183771,True
0.18751120856469586,0.08799054248242699,19.47167124795846,0.16739085511373158,False
0.04564985216418557,0.27740626503900145,23.667502721723064,0.04564985216418557,True
0.0985152387119321,0.24688123886732063,22.022684433223727,0.0985152387119321,True
0.06665224582453975,0.05414135259639245,23.01812441309215,0.06467424141739248,False
0.19572129055885715,0.15787879044602723,19.037846034901992,0.19038230869732703,False
0.08904016736560995,0.18873525909630517,22.317099186489905,0.08904016736560995,True
0.14152266667676494,0.018703087221055036,21.895852301341026,0.07815238557904963,False
0.11773262707024182,0.0050256579171986965,23.426663500233477,0.03524943966655665,False
0.04246892563714444,0.12634428656770294,23.766631997233485,0.04246892563714444,True
0.19255258491761748,0.21103050561360287,19.111383825119386,0.1923713349176175,False
0.08833581909186113,0.2854282116103001,22.338992116518153,0.08833581909186113,True
0.15024548683753738,0.22460442476590564,20.418599060651317,0.15024548683753738,True
0.13015024126504118,0.06335526775034465,21.181365840069464,0.11511527065087471,False
0.16271607809653155,0.07100750419413006,20.25451261096569,0.14185590461244868,False
0.1467974303558763,0.23478010137634936,20.5253341723518,0.1467974303558763,True
0.04840687097027873,0.1132888546741535,23.58159794732107,0.04840687097027873,True
0.06988859241983293,0.18717115325065348,22.91271506862862,0.06988859241983293,True
0.1289035636671707,0.11472236603344554,21.083925581373027,0.12688481366717091,False
0.0899994155538244,0.2476846232491557,22.287284870862912,0.0899994155538244,True
0.11790371521554573,0.16012505263185955,21.420799669645355,0.11790371521554573,True
0.0009766765888982781,0.16802927986781327,25.061196810494447,0.0009766765888982781,True
0.031183235572637687,0.23490514449807712,24.118472521792825,0.031183235572637687,True
0.037114773700053616,0.08409313361144165,23.933525537597184,0.037114773700053616,True
0.07105925153556025,0.13818732023565233,22.87628775211521,0.07105925153556025,True
0.14168480534968053,0.08322464356761167,20.76420014616087,0.13094419929957662,False
0.18583203066991716,0.05288694979688356,19.899933675747942,0.14458054735446776,False
0.001827603805969695,0.15659794213513525,25.03462061950042,0.001827603805969695,True
0.13599019291831255,0.04306120644764828,21.246298257116454,0.10666199450468167,False
0.03328445847075316,0.11908189219379076,24.052949163497615,0.03328445847075316,True
0.08731356186928185,0.23475285047599462,22.370768172396147,0.08731356186928185,True
0.11752094837395655,0.18585123082689403,21.432674505847487,0.11752094837395655,True
0.08400792697077973,0.261887034098873,22.4735350032888,0.08400792697077973,True
0.06343167367288158,0.25029114083352244,23.113679497215276,0.06343167367288158,True
0.18317882496648719,0.06327217382421461,19.805946450764317,0.15117253150415844,False
0.09999455087519656,0.06635460353821591,22.01162652334995,0.09371322646727373,False
0.10210679537972116,0.21043715810557628,21.911132176100764,0.10210679537972116,True
0.1991005579077447,0.2138386483067702,18.90980376521489,0.19853180790774472,False
0.09804846879826758,0.1884867056379251,22.03718401138831,0.09804846879826758,True
0.0745226535978274,0.22202406766856222,22.768532123415625,0.0745226535978274,True
0.04969828995231883,0.05503868002455423,23.541363672339717,0.04969828995231883,True
0.17766089091196263,0.2727395909942597,19.570970003940243,0.17766089091196263,True
0.14018831497786963,0.05747934809358127,20.961570392341404,0.119181742088466,False
0.19869050285040826,0.23853401131594873,18.922075004924615,0.19869050285040826,True
0.018202125044916757,0.17469432981890068,24.523427176790037,0.018202125044916757,True
0.18283692186169584,0.0594739457243374,19.865248331685336,0.14821127102810078,False
0.12484239729110815,0.21804583195476063,21.205590436205593,0.12484239729110815,True
0.13774173490518937,0.09248934936673303,20.850004456075848,0.13027948642930415,False
0.12249321890354248,0.01771774939845789,22.270336916805505,0.069099217654564,False
0.1642177626076218,0.05971930117534512,20.324006773407866,0.13649130682144522,False
0.0953836853170287,0.26122083611685504,22.119970225743565,0.0953836853170287,True
0.14457633820049232,0.09749095157372664,20.639546494985396,0.13696475264923152,False
0.08766135751395744,0.034887562148891084,22.538644964936744,0.07133958493102346,False
0.1719278431675708,0.10493962276056185,19.830637719868438,0.16084773917117962,False
0.11899529368847492,0.2083735948766553,21.386936595254593,0.11899529368847492,True
0.04877161850791053,0.19891750970250127,23.57023391313207,0.04877161850791053,True
0.057037602651668726,0.05019961149856568,23.31356878483975,0.0562626026516687,False
0.013922606058717705,0.2891636225567985,24.656988607828502,0.013922606058717705,True
0.06381592532522695,0.05404279160789333,23.104088740529935,0.06244323317025108,False
0.11878986458961335,0.11580851254328861,21.393602679067495,0.11828361458961337,False
0.13720419927918528,0.24627143263713014,20.82243835967308,0.13720419927918528,True
0.07088477582683243,0.14461122379587715,22.88171674056311,0.07088477582683243,True
0.1710683556424062,0.1765263528302677,19.775066942137325,0.17044335564240626,False
0.06497071614224068,0.03895160433928852,23.105945000075113,0.05863370662580625,False
0.15923560706522508,0.10758829256675874,20.190128516943105,0.15115437591537267,False
0.046957797248177044,0.20260389922057176,23.626747391450575,0.046957797248177044,True
0.007435918815839985,0.17053663154881468,24.859489006850332,0.007435918815839985,True
0.028259681759238906,0.1597712563126961,24.209651028068055,0.028259681759238906,True
0.13281691458907777,0.1947450561244116,20.95838283941242,0.13281691458907777,True
0.047775789437512074,0.19230621007753626,23.60126039558914,0.047775789437512074,True
0.08514242609874635,0.16838339890481416,22.43826289779706,0.08514242609874635,True
0.14945491330655122,0.0880391914695991,20.526452487021036,0.13842730402874145,False
0.1195954482213819,0.27788553554122797,21.368319610961215,0.1195954482213819,True
0.16045897320145583,0.08852741068620007,20.214227355254764,0.1471308033187575,False
0.17464155626337488,0.008961072852450184,22.302974871368864,0.061917378798974916,False
0.0013268028042257153,0.04532987052750387,25.050261522977582,0.0013268028042257153,True
0.17240812021146498,0.16677067371893758,19.735918015305927,0.1708081202114652,False
0.1758190078285355,0.16951259864891127,19.630932192939184,0.17410025782853522,False
0.18542754011821544,0.21930734087242,19.33118395517196,0.18542754011821544,True
0.0008289866299485474,0.2118811719171556,25.065809580128413,0.0008289866299485474,True
0.07539145423900405,0.18958393561901138,22.741504921295622,0.07539145423900405,True
0.15078631800047002,0.24625847529556108,20.40186007350739,0.15078631800047002,True
0.15615046256393791,0.26494946879907183,20.23587461819298,0.15615046256393791,True
0.16390941700720127,0.08111466760396603,20.155019707504913,0.14713260980388385,False
0.18924912655637835,0.024803426159866884,20.747569662964132,0.1082509882496463,False
0.11866692885695897,0.10826825002400214,21.399379021935964,0.11722942885695886,False
0.06895476677051592,0.009709555669310468,23.576641166515365,0.03526621666049286,False
0.12340181777941094,0.10305342725986887,21.258733262030443,0.12048268536886943,False
0.10378801237316293,0.0012584431920447236,24.300872982189926,0.014988732673541026,False
0.13121311059695073,0.2706480181574987,21.008089039014948,0.13121311059695073,True
0.052899106712125325,0.0431499378985103,23.44495378139453,0.05132327544618997,False
0.1580318746140981,0.18888623789870107,20.177673368075066,0.1580318746140981,True
0.18948552247534164,0.09729480589100459,19.366459242436726,0.17237152709249787,False
0.08936152662979381,0.2232327549820812,22.30711084579146,0.08936152662979381,True
0.06374124194401203,0.127504486780713,23.104042804074293,0.06374124194401203,True
0.10601868627669296,0.16839983193415323,21.789660129782558,0.10601868627669296,True
0.06628040961639496,0.1458037633115957,23.025006416456225,0.06628040961639496,True
0.08501183912588903,0.10112143209594453,22.442322781847405,0.08501183912588903,True
0.16002303315717778,0.29856766559838654,20.11608640139369,0.16002303315717778,True
0.1460330289119761,0.16994225378928193,20.549000082804945,0.1460330289119761,True
0.023253742816385793,0.16080375248225331,24.365806273256112,0.023253742816385793,True
0.12143970817028667,0.1311655789468474,21.311114891867064,0.12143970817028667,True
0.08625948273416263,0.09013823658584999,22.403535501408935,0.08625948273416263,True
0.09880075837609911,0.25358058130470246,22.013815364306513,0.09880075837609911,True
0.1020746954761279,0.04764910157558421,22.04500356174752,0.08808522811993567,False
0.009498488071117198,0.2984330881417164,24.79509298011602,0.009498488071117198,True
0.11758727598801388,0.24899553733025948,21.430616756905195,0.11758727598801388,True
0.0022844476388404773,0.07680514746504737,25.020352906939365,0.0022844476388404773,True
0.16692031151145872,0.056236347285501836,20.300686695531855,0.13581820836241495,False
0.07038786069259892,0.10411102256191798,22.89717906526463,0.07038786069259892,True
0.1349699664002655,0.1003610670378703,20.91613503456835,0.12967777018958643,False
0.11831574324840653,0.045134295566909025,21.650121202190125,0.0973142067043512,False
0.1827496912273517,0.1583279857998674,19.426249785959133,0.1790963470335713,False
0.17967199778504325,0.12470909687088866,19.558728083571165,0.17151767784666094,False
0.17008474514520688,0.04016355430252054,20.530231043230213,0.12289611157924124,False
0.02982368621579662,0.16205088491316227,24.160871810003098,0.02982368621579662,True
0.06032922066676621,0.13746631278539945,23.210266686809874,0.06032922066676621,True
0.13261352158135234,0.07641328501508726,21.046652153681876,0.12183508697127354,False
0.02995628056633495,0.21069900953601373,24.15673655220684,0.02995628056633495,True
0.023978294092403294,0.27740036100079474,24.34320212107762,0.023978294092403294,True
0.06289495736592865,0.29984277120502806,23.130387594832463,0.06289495736592865,True
0.19476147057001386,0.20426640051008332,19.043977937991308,0.19393647057001417,False
0.0866098769916103,0.11324333174296718,22.39264283294957,0.0866098769916103,True
0.18336144885256658,0.12408999425438262,19.452328947238232,0.17447507188660671,False
0.06465372103837454,0.2924464114038429,23.075638827750186,0.06465372103837454,True
0.059919589093545715,0.25956208124045177,23.223020837857383,0.059919589093545715,True
0.15319351533529862,0.18123415767281711,20.32736450495306,0.15319351533529862,True
0.16040314801269778,0.21472874071783032,20.104330455725357,0.16040314801269778,True
0.19445181521364013,0.06130323603993887,19.55591752508331,0.1568431382231208,False
0.15477854591281484,0.05530190420582656,20.613925797211984,0.12744081977400362,False
0.05464289279412497,0.0354132077263868,23.411366548300716,0.050061795437219364,False
0.0707907048450439,0.04638478340470454,22.91252124627063,0.06555042654912363,False
0.10469785745754365,0.29899631758490586,21.83067102996696,0.10469785745754365,True
0.15513207768278656,0.2783821030487441,20.26738176367039,0.15513207768278656,True
0.1202010728469118,0.16558587728645688,21.34953372088674,0.1202010728469118,True
0.10022979745353403,0.23832858539167912,21.969427718672332,0.10022979745353403,True
0.1422569938356526,0.14217161286931485,20.666286876690066,0.14169449383565266,False
0.12846141529223776,0.014693734945849926,22.350238558019683,0.06527790782965137,False
0.1535808351712727,0.08507177858082848,20.421613092230373,0.14072297555234858,False
0.07471990400142077,0.24275104116783178,22.762395809271712,0.07471990400142077,True
0.0828781823484249,0.15926208422845894,22.508661735817885,0.0828781823484249,True
0.00488506494548229,0.16045922904772209,24.939138925694316,0.00488506494548229,True
0.1806903566501766,0.05305967399763472,20.017666163750288,0.1417074319714911,False
0.1812753318750074,0.022570690429916492,21.010111089683484,0.10073299640023459,False
0.18620956234845917,0.2506955390474413,19.307048677747897,0.18620956234845917,True
0.05276490409446593,0.22599671718302441,23.445834610894135,0.05276490409446593,True
0.11335991001559963,0.07064156086290843,21.614284455397218,0.10526268667972924,False
0.025942224923802163,0.022904911343195042,24.282049049339378,0.025704724923802165,False
0.18350370979161576,0.07836788848905069,19.646275581550533,0.16017903533740846,False
0.09474561185868587,0.2754998148222761,22.139795196939936,0.09474561185868587,True
0.002863381730452347,0.014962586638241307,25.002272641146682,0.002863381730452347,True
0.17725281863516149,0.050590807914604664,20.142439754484887,0.13749362245973468,False
0.02798359070822026,0.046566797931411254,24.218262354415344,0.02798359070822026,True
0.1734658339596259,0.09323033940486367,19.83023762310934,0.15868914191567912,False
0.16578961621370006,0.023453100194905818,21.225034690748316,0.09653454008247954,False
0.18707436874499958,0.259503561621592,19.280360340411754,0.18707436874499958,True
0.031717492635965044,0.12186034576077899,24.10181186023808,0.031717492635965044,True
0.06350960641687048,0.15114857484027472,23.111253476716406,0.06350960641687048,True
0.057607692068403125,0.2247785064863115,23.295008882352136,0.057607692068403125,True
0.1922377756971349,0.19884637297130522,19.122106550934852,0.19125652569713478,False
0.09936719849807828,0.07004582190258832,22.020890902354825,0.09421107549246331,False
0.0024422299618580257,0.11122229714672487,25.015425272680467,0.0024422299618580257,True
0.07111068749991775,0.07874920883364744,22.8746872806666,0.07111068749991775,True
0.042920985971514114,0.020246080928510612,23.82170937375142,0.03511679575670323,False
0.07586583044073235,0.27907988854624133,22.72674831897424,0.07586583044073235,True
0.005621048644697498,0.06491697736308617,24.916156956032765,0.005621048644697498,True
0.15619184167009517,0.2847558220761213,20.234594469405025,0.15619184167009517,True
0.10856517485388917,0.2737304778099191,21.710603347774178,0.10856517485388917,True
0.12269361677752566,0.12093986192817072,21.272429802208,0.12227486677752562,False
0.02523499916885705,0.17279949776056677,24.3039981296145,0.02523499916885705,True
0.12920403293182162,0.005039040719853848,23.321552812760252,0.03743238030822689,False
0.17470219559363562,0.20818025659012576,19.66235710877208,0.17470219559363562,True
0.09269258112406623,0.06446781711221893,22.22864943007645,0.08754147631212425,False
0.11405278818012568,0.18371623428422218,21.540283697105185,0.11405278818012568,True
0.035117179267081286,0.18398289680843086,23.995804572548877,0.035117179267081286,True
0.016534691376602885,0.07614048710409832,24.575463437986464,0.016534691376602885,True
0.0015926770801823202,0.06611855312466194,25.041957750633962,0.0015926770801823202,True
0.1395890919550537,0.031754004889605614,21.408833386366595,0.09734391871260972,False
0.026703058016866378,0.21672464353833595,24.258204003415653,0.026703058016866378,True
0.030760326690724215,0.16381724362533748,24.131661152613436,0.030760326690724215,True
0.14412794248319932,0.23858624927889227,20.60798754351604,0.14412794248319932,True
0.030652047325334855,0.081167730985864,24.13503794740804,0.030652047325334855,True
0.0760366414855274,0.1282005749121775,22.721434937200637,0.0760366414855274,True
0.11049717510078741,0.1782192174690262,21.650632515836964,0.11049717510078741,True
0.11218672166886443,0.20015079356685575,21.598193979055832,0.11218672166886443,True
0.1690362519212696,0.16012197816999232,19.840991564767027,0.1671800019212698,False
0.02905143917894177,0.15218750444057103,24.184956669061524,0.02905143917894177,True
0.14098074996747592,0.23855087864250088,20.705452784917018,0.14098074996747592,True
0.07267495679645744,0.03201592502650093,22.948314387421853,0.06024566126539406,False
0.02070651459125087,0.12126235245723668,24.44527997190439,0.02070651459125087,True
0.009897983786482194,0.17618877583644468,24.78262097548883,0.009897983786482194,True
0.09788147424103354,0.0928125567071039,22.042702331606712,0.09735647424103346,False
0.09580838233098822,0.008756859458874241,23.25486580338831,0.04152204889823541,False
0.15997849425659297,0.21680822451812806,20.11746389452686,0.15997849425659297,True
0.001136643205745695,0.19853145437569392,25.056200643670685,0.001136643205745695,True
0.029744842977779965,0.15429837268522098,24.16333073015838,0.029744842977779965,True
0.16342987678249515,0.22903999112013074,20.01073428791559,0.16342987678249515,True
0.075133121776252,0.22709800925506832,22.74954114474127,0.075133121776252,True
0.1362511600513044,0.08099139452980807,20.92644020831726,0.12605708385974373,False
0.16602848234564613,0.12315068484359623,19.962418883814046,0.15977610842787743,False
0.12195809112499681,0.06186694688641833,21.413297487628604,0.10857949214572009,False
0.02215251354725069,0.09631837762960391,24.400163430479807,0.02215251354725069,True
0.01142996144882095,0.18826235259738705,24.73479588657793,0.01142996144882095,True
0.0648298267841568,0.14216870203229734,23.070157118024675,0.0648298267841568,True
0.007824882203507603,0.2168938854372326,24.84734457610028,0.007824882203507603,True
0.08347519603349993,0.14302273908385751,22.490098705959884,0.08347519603349993,True
0.022741135259883763,0.2609916916629488,24.38179883064612,0.022741135259883763,True
0.08802631985753609,0.11999179745693754,22.348612441543498,0.08802631985753609,True
0.10381211505116172,0.26288475151282964,21.858174762641763,0.10381211505116172,True
0.18509892510631626,0.22086451056369563,19.341326365272916,0.18509892510631626,True
0.1563792113644345,0.1304058892812342,20.241689668880646,0.15266178758986276,False
0.04440112062977823,0.157377370625019,23.70641569809852,0.04440112062977823,True
0.13024321253253157,0.21317865473193773,21.03815154878145,0.13024321253253157,True
0.1058706974016521,0.06827355552114005,21.836564711953297,0.098797823552245,False
0.16888064287739268,0.22432759322250967,19.84223582358771,0.16888064287739268,True
0.031697964562281196,0.24871261180900994,24.102420829663533,0.031697964562281196,True
0.06795416425769539,0.2060353454981567,22.97291403822558,0.06795416425769539,True
0.13747140275471226,0.23044200834220638,20.814160182357586,0.13747140275471226,True
0.10149235558977074,0.2860338819309301,21.93021458068754,0.10149235558977074,True
0.047506172661474576,0.16819036581160493,23.609660986482762,0.047506172661474576,True
0.1829639990107287,0.19461625249157172,19.407423130231756,0.18254524901072877,False
0.19000385147971954,0.1801010756551559,19.195177409176804,0.1877288514797198,False
0.09511912420686644,0.24762874879907523,22.1281900536825,0.09511912420686644,True
0.17416615292071375,0.00989194292278006,22.188059187207834,0.06512471894554114,False
0.18348482479494033,0.2609760631980641,19.391148251073435,0.18348482479494033,True
0.023801849870632077,0.06995443923074324,24.348706653190124,0.023801849870632077,True
0.03521324064420929,0.09951356670144505,23.99280951356616,0.03521324064420929,True
0.14384147224019767,0.24316449306309515,20.616858285910393,0.14384147224019767,True
0.002394128397760004,0.1816452639979296,25.016927508676613,0.002394128397760004,True
0.0038122206257491078,0.07798717355361653,24.972641248753803,0.0038122206257491078,True
0.04453734698975816,0.16912874344036122,23.702170482530402,0.04453734698975816,True
0.022447446808424077,0.08068877767930203,24.390961642629797,0.022447446808424077,True
0.06895173634375373,0.12736043191414825,22.941868964217303,0.06895173634375373,True
0.07367050483886838,0.020654551355724644,23.0998542175031,0.05186148533240722,False
0.07080268746189018,0.011600779525930393,23.45149866987134,0.03910515125964547,False
0.051680391037775254,0.2937045369676946,23.479616749832488,0.051680391037775254,True
0.023817366399901823,0.23033939357550368,24.348222581868303,0.023817366399901823,True
0.17543569484043506,0.2071072029124027,19.639698969664707,0.17543569484043506,True
0.09869284884814715,0.18069602004578306,22.01716732807725,0.09869284884814715,True
0.17238470986171736,0.04646741814677359,20.33479951779287,0.13081816712437583,False
0.11121554092560053,0.2887400735547789,21.6283358369896,0.11121554092560053,True
0.06591431253243113,0.06988264342706527,23.036401159312835,0.06591431253243113,True
0.19222962887272493,0.06341311737378012,19.580118374998346,0.15704941572823516,False
0.04438963387636653,0.1393319762793985,23.706773660693543,0.04438963387636653,True
0.1777282325141957,0.07906554297120705,19.794544735725477,0.15638562566451553,False
0.11626012639089868,0.0026556861308212453,23.867879442312883,0.0245080108723722,False
0.04067843948382922,0.16060914643465116,23.822437628537408,0.04067843948382922,True
0.1291514203788703,0.01118643196055404,22.60534184487306,0.05719656604004751,False
0.16463642458418173,0.0449139475997556,20.543607344301055,0.12492964568156117,False
0.1339661656039795,0.033389503319478396,21.48646243723135,0.09633818830912852,False
0.1904687084733268,0.2945449674917817,19.17562857746873,0.1904687084733268,True
0.02023863116401171,0.1285645474011995,24.459879093237817,0.02023863116401171,True
0.013934300306414496,0.19966208849454053,24.656623597640742,0.013934300306414496,True
0.13025605050591912,0.18450439969045354,21.037753615374704,0.13025605050591912,True
0.1902295473524656,0.10595929069166918,19.30809936626863,0.17568505778829646,False
0.08525412729216225,0.28068780056488574,22.434790189213036,0.08525412729216225,True
0.04310953110636796,0.004827104988708083,24.24575712293442,0.018381919905348112,False
0.11919163343008204,0.13031530707800426,21.38084598968201,0.11919163343008204,True
0.18181244903677649,0.2794293967955936,19.442776089466037,0.18181244903677649,True
0.0015138887582901949,0.08070833516629819,25.04441845251072,0.0015138887582901949,True
0.04938441845502759,0.16156068895727857,23.55114210220505,0.04938441845502759,True
0.11665073336549274,0.19141524130688387,21.459672932241457,0.11665073336549274,True
0.07383494390657348,0.2712936765729904,22.789926828888493,0.07383494390657348,True
0.14117367448981535,0.014606741698825554,22.16428342394115,0.06930775890722779,False
0.038308717809040584,0.05067892698915918,23.896305098742793,0.038308717809040584,True
0.053990352442566295,0.27416233789152156,23.40766486567914,0.053990352442566295,True
0.0648421757288158,0.19025466699035054,23.069772729886864,0.0648421757288158,True
0.001464900053902171,0.04801105771933365,25.045948463130145,0.001464900053902171,True
0.005540949158616015,0.05348500193679684,24.91865811802607,0.005540949158616015,True
0.16797450976068712,0.033560669580735836,20.766233092460848,0.11358457176317652,False
0.14982533570006604,0.03356604054253557,21.14170958430728,0.10468480912265056,False
0.16636820166175562,0.08775866484362778,20.052817560250656,0.1514144568820472,False
0.05428232275596914,0.1416593814452349,23.398571085867744,0.05428232275596914,True
0.1564309855873038,0.10460980534381233,20.278405314659857,0.14820999510868824,False
0.16054498541084894,0.13581524732375386,20.111850413584886,0.15698194527300258,False
0.054359716503235594,0.18039984646531773,23.396160586065967,0.054359716503235594,True
0.12619304344102455,0.29968698359741575,21.163711033680233,0.12619304344102455,True
0.05356055921786496,0.21871656260928876,23.42105158369835,0.05356055921786496,True
0.11748148642430807,0.22599012671866714,21.433898778415024,0.11748148642430807,True
0.021204686487480053,0.29865667665507667,24.429736158641333,0.021204686487480053,True
0.1363736442900364,0.019972726402346215,21.91581301590601,0.07856344342892174,False
0.1257374902535836,0.0633894154880178,21.301113049093384,0.11194877435351179,False
0.07464362588399201,0.0351124899098878,22.869042917902505,0.06327917047004017,False
0.039596546245833544,0.09456958061241923,23.85616055213574,0.039596546245833544,True
0.13903906451334663,0.2709798462076488,20.76559601333949,0.13903906451334663,True
0.016716275469393076,0.1818281079213142,24.569796458723637,0.016716275469393076,True
0.02978549072578188,0.045946347916626065,24.162063028966017,0.02978549072578188,True
0.13231426336861868,0.11358672050350445,20.98108074440974,0.12965154062990075,False
0.025149442165481352,0.15176817877553708,24.306667072908642,0.025149442165481352,True
0.00424255938144484,0.24501462576452937,24.95920260397906,0.00424255938144484,True
0.1271293036209362,0.28639910322888146,21.134682799562885,0.1271293036209362,True
0.07775769369967438,0.20849036503810925,22.667901588976303,0.07775769369967438,True
0.19943343131761146,0.09566143359119239,19.102029600555337,0.1793171550318277,False
0.016781385163599304,0.14266010605018256,24.56776449114069,0.016781385163599304,True
0.09991745435065855,0.15868401147502637,21.979129115547483,0.09991745435065855,True
0.17138823406152146,0.10266703422275499,19.853125555775588,0.15982862383303048,False
0.07858226239778066,0.11871385626252469,22.6422553395363,0.07858226239778066,True
0.1540078588677803,0.08053152870462629,20.4306135183146,0.13949600786815566,False
0.1843822658353629,0.1177939109346136,19.437268870425076,0.17400393201117342,False
0.0800104819977133,0.2948816019971273,22.597836993742547,0.0800104819977133,True
0.09346399540552366,0.16867108724645777,22.17961750688289,0.09346399540552366,True
0.039207631674337926,0.18232052045507072,23.8682836121824,0.039207631674337926,True
0.04676993735958583,0.28487290072984983,23.632600891010842,0.04676993735958583,True
0.052633030100199756,0.07701221980344625,23.44994232247709,0.052633030100199756,True
0.016992225797559077,0.2655556916488777,24.561184543956795,0.016992225797559077,True
0.12528025333114304,0.10704092198389323,21.19878669907331,0.1226956572688706,False
0.0259554735428806,0.2717702150324118,24.281523462758557,0.0259554735428806,True
0.11265607153996954,0.2188990652022749,21.583627799067763,0.11265607153996954,True
0.0795396112452685,0.06846868089220609,22.61508800919216,0.07804877604584418,False
